,courses,school,school_id
0,Cyber Security Bootcamp,ironhack,10828
1,Cybersecurity Part-Time,ironhack,10828
2,Data Analytics Bootcamp,ironhack,10828
3,Data Analytics Part-Time,ironhack,10828
4,UX/UI Design Bootcamp,ironhack,10828
5,UX/UI Design Part-Time,ironhack,10828
6,Web Development Bootcamp,ironhack,10828
7,Web Development Part-Time,ironhack,10828
0,16-week Software Engineering Program,app-academy,10525
1,Bootcamp Prep,app-academy,10525
2,Bootcamp Prep Self-Paced,app-academy,10525
3,16-Week Online Full-Time Accelerated Software Engineering Bootcamp,app-academy,10525
4,24-week Software Engineering Program (Full Time),app-academy,10525
5,48-week Software Engineering Program (Part Time),app-academy,10525
6,App Academy Open,app-academy,10525
0,Cyber Security Career Track,springboard,11035
1,Data Analytics Career Track,springboard,11035
2,Data Science Career Track,springboard,11035
3,Data Science Career Track Prep,springboard,11035
4,Front-End Web Development,springboard,11035
5,Introduction to Data Analytics,springboard,11035
6,Introduction to Design,springboard,11035
7,Software Engineering Career Track,springboard,11035
8,Software Engineering Career Track Prep Course,springboard,11035
9,Software Engineering Foundations to Core,springboard,11035
10,Tech Sales Career Track,springboard,11035
11,UI/UX Design Career Track,springboard,11035
12,UX Career Track,springboard,11035
0,Data Analytics - Full-Time,le-wagon,10868
1,Data Analytics - Part-Time,le-wagon,10868
2,Data Engineering - Full-Time,le-wagon,10868
3,Data Engineering - Part-Time,le-wagon,10868
4,Data Science & AI - Full-Time,le-wagon,10868
5,Data Science & AI - Part-Time,le-wagon,10868
6,Web Development - Full-Time,le-wagon,10868
7,Web Development - Part-Time,le-wagon,10868
0,AI Programming with Python,udacity,11118
1,Al Product Manager,udacity,11118
2,Android Basics,udacity,11118
3,Android Developer,udacity,11118
4,Artificial Intelligence,udacity,11118
5,Artificial Intelligence for Trading,udacity,11118
6,Blockchain Developer,udacity,11118
7,Business Analytics,udacity,11118
8,C++,udacity,11118
9,Cloud Dev Ops Engineer,udacity,11118
10,Cloud Developer,udacity,11118
11,Computer Vision,udacity,11118
12,Data Analyst,udacity,11118
13,Data Engineer,udacity,11118
14,Data Structures and Algorithms,udacity,11118
15,Data Visualization,udacity,11118
16,Deep Learning,udacity,11118
17,Deep Reinforcement Learning,udacity,11118
18,Digital Marketing,udacity,11118
19,Front End Web Developer,udacity,11118
20,Full Stack Web Developer,udacity,11118
21,Introduction to Machine Learning,udacity,11118
22,Introduction to Programming,udacity,11118
23,iOS Developer,udacity,11118
24,Java Developer,udacity,11118
25,Machine Learning Engineer,udacity,11118
26,Marketing Analytics,udacity,11118
27,Natural Language Processing,udacity,11118
28,Predictive Analytics for Business,udacity,11118
29,React,udacity,11118
30,Robotics Software Engineer,udacity,11118
31,Self-Driving Car Engineer,udacity,11118
32,UX Designer,udacity,11118
0,SheCodes Basics,shecodes,11014
1,SheCodes Max,shecodes,11014
2,SheCodes Plus,shecodes,11014
3,SheCodes Pro,shecodes,11014
0,"Back End, SQL, DevOps w/Python Bootcamp",nucamp,10923
1,Front End Web and Mobile Development,nucamp,10923
2,Full Stack Web and Mobile App Development,nucamp,10923
3,Job Hunting Bootcamp,nucamp,10923
4,Web Development Fundamentals,nucamp,10923
0,Data Analytics Flex,thinkful,11098
1,Data Analytics Immersion,thinkful,11098
2,Data Science Flex,thinkful,11098
3,Digital Marketing Flex,thinkful,11098
4,Engineering Flex Program,thinkful,11098
5,Engineering Immersion,thinkful,11098
6,Technical Project Management Flex,thinkful,11098
7,UX/UI Design Immersion,thinkful,11098
8,UX/UI Flex,thinkful,11098
0,Cyber Security 101,hackwagon-academy,10792
1,Data Science,hackwagon-academy,10792
2,Web Development,hackwagon-academy,10792
0,Data Science - Romania,software-development-academy,11030
1,Java - Romania,software-development-academy,11030
2,JavaScript - Romania,software-development-academy,11030
3,PHP - Romania,software-development-academy,11030
4,Python - Romania,software-development-academy,11030
5,Software Tester - Romania,software-development-academy,11030
6,UX/UI Design - Romania,software-development-academy,11030
7,Automation Tester - Poland,software-development-academy,11030
8,Data Science - Poland,software-development-academy,11030
9,Java - Poland,software-development-academy,11030
10,Javascript - Poland,software-development-academy,11030
11,PHP - Poland,software-development-academy,11030
12,Python - Poland,software-development-academy,11030
13,Software Tester - Poland,software-development-academy,11030
14,UX/UI Design - Poland,software-development-academy,11030
15,Data Science - Albania,software-development-academy,11030
16,Data Science - Czech Republic,software-development-academy,11030
17,Data Science - Estonia,software-development-academy,11030
18,Data Science - Latvia,software-development-academy,11030
19,Data Science - Lithuania,software-development-academy,11030
20,Data Science - Philippines,software-development-academy,11030
21,Data Science - Slovakia,software-development-academy,11030
22,Java - Albania,software-development-academy,11030
23,Java - Czech Republic,software-development-academy,11030
24,Java - Estonia,software-development-academy,11030
25,Java - Latvia,software-development-academy,11030
26,Java - Lithuania,software-development-academy,11030
27,Java - Philippines,software-development-academy,11030
28,Java - Slovakia,software-development-academy,11030
29,Java Comprehensive - Philippines,software-development-academy,11030
30,Javascript - Albania,software-development-academy,11030
31,Javascript - Czech Republic,software-development-academy,11030
32,Javascript - Estonia,software-development-academy,11030
33,JavaScript - Latvia,software-development-academy,11030
34,Javascript - Lithuania,software-development-academy,11030
35,Javascript - Slovakia,software-development-academy,11030
36,PHP - Albania,software-development-academy,11030
37,PHP - Czech Republic,software-development-academy,11030
38,PHP - Estonia,software-development-academy,11030
39,PHP - Latvia,software-development-academy,11030
40,PHP - Lithuania,software-development-academy,11030
41,PHP - Slovakia,software-development-academy,11030
42,Python - Albania,software-development-academy,11030
43,Python - Czech Republic,software-development-academy,11030
44,Python - Estonia,software-development-academy,11030
45,Python - Latvia,software-development-academy,11030
46,Python - Lithuania,software-development-academy,11030
47,Python - Slovakia,software-development-academy,11030
48,Software Engineering - Philippines,software-development-academy,11030
49,Software Tester - Albania,software-development-academy,11030
50,Software Tester - Czech Republic,software-development-academy,11030
51,Software Tester - Estonia,software-development-academy,11030
52,Software Tester - Latvia,software-development-academy,11030
53,Software Tester - Lithuania,software-development-academy,11030
54,Software Tester - Slovakia,software-development-academy,11030
55,UX/UI Design - Albania,software-development-academy,11030
56,UX/UI Design - Czech Republic,software-development-academy,11030
57,UX/UI Design - Estonia,software-development-academy,11030
58,UX/UI Design - Latvia,software-development-academy,11030
59,UX/UI Design - Lithuania,software-development-academy,11030
60,UX/UI Design - Slovakia,software-development-academy,11030
0,Software Development Onsite Full-Time Bootcamp,coding-dojo,10659
1,Cybersecurity Online Part-Time Bootcamp,coding-dojo,10659
2,Data Science & Visualization Online Part-Time Bootcamp,coding-dojo,10659
3,Data Science Online Part-Time Bootcamp,coding-dojo,10659
4,Intro to Web Development,coding-dojo,10659
5,Software Development Online Full-Time Bootcamp,coding-dojo,10659
6,Software Development Online Part-Time Accelerated Bootcamp,coding-dojo,10659
7,Software Development Online Part-Time Flex Bootcamp,coding-dojo,10659
8,UX/UI Design Online Part-Time Bootcamp,coding-dojo,10659
0,Web Development Bootcamp,makers-academy,10874
0,Product Management,product-gym,10959
0,Actualize Coding Bootcamp: Full-Time,actualize,10505
1,Actualize Coding Bootcamp: Part-Time,actualize,10505
2,Actualize Coding Bootcamp: Online Live,actualize,10505
0,Automation Engineer Masters Program,edureka,11739
1,AWS Solutions Architect Certification Training,edureka,11739
2,Big Data Architect Masters Program,edureka,11739
3,Blockchain Certification,edureka,11739
4,Cloud Architect Masters Program,edureka,11739
5,Cyber Security Masters Program,edureka,11739
6,Data Analyst Masters Program,edureka,11739
7,Data Scientist Masters Program,edureka,11739
8,DevOps Certification Course,edureka,11739
9,DevOps Engineer Masters Program,edureka,11739
10,Full Stack Developer Masters Program,edureka,11739
11,Google Cloud Platform (GCP) Fundamentals Certification Training,edureka,11739
12,Java Certification Training,edureka,11739
13,Microsoft Azure Masters Program,edureka,11739
14,Microsoft Azure Solutions Architect (303 & 304),edureka,11739
15,PMP Certification Training,edureka,11739
16,"Post Graduate Diploma in AI and Machine Learning with E&ICT, NIT Warangal",edureka,11739
17,Post Graduate Program in DevOps with Purdue University,edureka,11739
18,Power BI Certification Training Course,edureka,11739
19,Python Masters Program,edureka,11739
20,Salesforce Certification Training,edureka,11739
21,Tableau Certification Training,edureka,11739
0,Data Analytics,careerist,11280
1,QA Automation,careerist,11280
2,QA Manual,careerist,11280
3,Systems Engineering,careerist,11280
4,Tech Sales,careerist,11280
5,UX Design,careerist,11280
0,Artificial Intelligence & Machine Learning Bootcamp,simplilearn,11016
1,Blockchain Developer,simplilearn,11016
2,Business Analytics with Excel,simplilearn,11016
3,Cloud Computing Bootcamp,simplilearn,11016
4,Data Science Bootcamp,simplilearn,11016
5,Data Science with Python,simplilearn,11016
6,Executive Certificate Program in General Management by IIM Indore,simplilearn,11016
7,Full Stack Development for Beginners,simplilearn,11016
8,Introduction to Artificial Intelligence Course,simplilearn,11016
9,Introduction to Data Analytics Course,simplilearn,11016
10,Introduction to Front End Development,simplilearn,11016
11,Introduction to SQL,simplilearn,11016
12,Java Training,simplilearn,11016
13,Machine Learning,simplilearn,11016
14,Post Graduate Diploma in Management By Jagdish Sheth School of Management,simplilearn,11016
15,Post Graduate Program in Cyber Security in collaboration with MIT,simplilearn,11016
16,Professional Certificate Course In AI And Machine Learning by IIT Kanpur,simplilearn,11016
17,Professional Certificate Course in Data Analytics by IIT Kanpur,simplilearn,11016
18,Professional Certificate Course In Data Science by IIT Kanpur,simplilearn,11016
19,Professional Certificate Program in AI & Machine Learning in partnership with Purdue University,simplilearn,11016
20,Professional Certificate Program in Business Analysis in partnership with Purdue University,simplilearn,11016
21,Professional Certificate Program In Data Analytics,simplilearn,11016
22,Professional Certificate Program In Data Engineering,simplilearn,11016
23,Professional Certificate Program in Data Engineering in partnership with Purdue University,simplilearn,11016
24,Professional Certificate Program in Data Science with Purdue University,simplilearn,11016
25,Professional Certificate Program in Digital Marketing,simplilearn,11016
26,Professional Certificate Program in Digital Supply Chain Management,simplilearn,11016
27,Professional Certificate Program in Digital Transformation,simplilearn,11016
28,Professional Certification in Product Management by SP Jain,simplilearn,11016
0,12-Week Data Science Bootcamp,nyc-data-science-academy,10925
1,Big Data with Hadoop and Spark,nyc-data-science-academy,10925
2,Data Science with Python: Data Analysis and Visualization,nyc-data-science-academy,10925
3,Data Science with Python: Machine Learning,nyc-data-science-academy,10925
4,Data Science with R: Data Analysis and Visualization,nyc-data-science-academy,10925
5,Data Science with R: Machine Learning,nyc-data-science-academy,10925
6,Data Science with Tableau,nyc-data-science-academy,10925
7,Deep Learning,nyc-data-science-academy,10925
8,Introductory Python,nyc-data-science-academy,10925
0,Full-Time C# and .NET Framework Boot Camp,the-tech-academy,11091
1,Full-Time Cyber Security Boot Camp,the-tech-academy,11091
2,Full-Time Data Science Boot Camp,the-tech-academy,11091
3,Full-Time Front-End Web Developer Boot Camp,the-tech-academy,11091
4,Full-Time Game Developer Boot Camp,the-tech-academy,11091
5,Full-Time Java and Android Developer Boot Camp,the-tech-academy,11091
6,Full-Time JavaScript Developer Boot Camp,the-tech-academy,11091
7,Full-Time Mobile App Developer,the-tech-academy,11091
8,Full-Time Python Developer Boot Camp,the-tech-academy,11091
9,Full-Time Software Developer Boot Camp,the-tech-academy,11091
10,Full-Time UI/UX Designer Boot Camp,the-tech-academy,11091
11,Part-Time C# and .NET Framework Boot Camp,the-tech-academy,11091
12,Part-Time Cyber Security Boot Camp,the-tech-academy,11091
13,Part-Time Data Science Boot Camp,the-tech-academy,11091
14,Part-Time Front-End Web Developer Boot Camp,the-tech-academy,11091
15,Part-Time Game Developer Boot Camp,the-tech-academy,11091
16,Part-Time Java and Android Developer Boot Camp,the-tech-academy,11091
17,Part-Time JavaScript Developer Boot Camp,the-tech-academy,11091
18,Part-Time Mobile App Developer Boot Camp,the-tech-academy,11091
19,Part-Time Python Developer Boot Camp,the-tech-academy,11091
20,Part-Time Software Developer Boot Camp,the-tech-academy,11091
21,Part-Time UI/UX Designer Boot Camp,the-tech-academy,11091
22,Self-Paced C# and .NET Framework Boot Camp,the-tech-academy,11091
23,Self-Paced Cyber Security Boot Camp,the-tech-academy,11091
24,Self-Paced Data Science Boot Camp,the-tech-academy,11091
25,Self-Paced Front-End Web Developer Boot Camp,the-tech-academy,11091
26,Self-Paced Game Developer Boot Camp,the-tech-academy,11091
27,Self-Paced Java and Android Developer Boot Camp,the-tech-academy,11091
28,Self-Paced JavaScript Developer Boot Camp,the-tech-academy,11091
29,Self-Paced Mobile App Developer,the-tech-academy,11091
30,Self-Paced Python Developer Boot Camp,the-tech-academy,11091
31,Self-Paced Software Developer Boot Camp,the-tech-academy,11091
32,Self-Paced UI/UX Designer Boot Camp,the-tech-academy,11091
0,Artificial Intelligence,acte,11735
1,C++,acte,11735
2,Data Science,acte,11735
3,Digital Marketing,acte,11735
4,Java Course,acte,11735
5,Python Course,acte,11735
0,DevOps Engineer,la-capsule,10853
1,Fullstack JavaScript Web Developer,la-capsule,10853
2,Code Essentials,la-capsule,10853
0,Artificial Intelligence Course,brainstation,10571
1,Cybersecurity Course,brainstation,10571
2,Data Analytics Course,brainstation,10571
3,Data Science Bootcamp,brainstation,10571
4,Data Science Course,brainstation,10571
5,Design Leadership Course,brainstation,10571
6,Digital Marketing Course,brainstation,10571
7,Marketing Leadership Course,brainstation,10571
8,Product Leadership Course,brainstation,10571
9,Product Management Course,brainstation,10571
10,Python Course,brainstation,10571
11,Search Engine Marketing Course,brainstation,10571
12,Social Media Marketing Course,brainstation,10571
13,Software Engineering Bootcamp,brainstation,10571
14,User Experience Design Bootcamp,brainstation,10571
15,User Experience Design Course,brainstation,10571
16,User Interface Design Course,brainstation,10571
17,Web Development Bootcamp,brainstation,10571
18,Web Development Course,brainstation,10571
19,Cybersecurity Bootcamp,brainstation,10571
0,12-Week Software Engineering Immersive (Full-Time),hack-reactor,10788
1,19-Week Software Engineering Online Immersive with JavaScript and Python (Full-Time),hack-reactor,10788
0,NYC Onsite Immersive,codesmith,10643
1,CS Prep,codesmith,10643
2,Full-Time Remote Software Engineering Immersive,codesmith,10643
3,JavaScript for Beginners,codesmith,10643
4,Part-Time Software Engineering Immersive,codesmith,10643
0,Python for Data Analysis,dataquest,10683
1,R for Data Analysis,dataquest,10683
