,id,description,country.id,country.name,country.abbrev,city.id,city.name,city.keyword,state.id,state.name,state.abbrev,state.keyword,school,school_id
0,15901,"Berlin, Germany",57.0,Germany,DE,31156.0,Berlin,berlin,,,,,ironhack,10828
1,16022,"Mexico City, Mexico",29.0,Mexico,MX,31175.0,Mexico City,mexico-city,,,,,ironhack,10828
2,16086,"Amsterdam, Netherlands",59.0,Netherlands,NL,31168.0,Amsterdam,amsterdam,,,,,ironhack,10828
3,16088,"Sao Paulo, Brazil",42.0,Brazil,BR,31121.0,Sao Paulo,sao-paulo,,,,,ironhack,10828
4,16109,"Paris, France",38.0,France,FR,31136.0,Paris,paris,,,,,ironhack,10828
5,16375,"Miami, FL, United States",1.0,United States,US,31.0,Miami,miami,11.0,Florida,FL,florida,ironhack,10828
6,16376,"Madrid, Spain",12.0,Spain,ES,31052.0,Madrid,madrid,,,,,ironhack,10828
7,16377,"Barcelona, Spain",12.0,Spain,ES,31170.0,Barcelona,barcelona,,,,,ironhack,10828
8,16709,"Lisbon, Portugal",28.0,Portugal,PT,31075.0,Lisbon,lisbon,,,,,ironhack,10828
9,17233,Online,,,,,,,1.0,Online,Online,online,ironhack,10828
0,15704,"San Francisco, CA, United States",1.0,United States,US,13.0,San Francisco,san-francisco,6.0,California,CA,california,app-academy,10525
1,15705,"New York City, NY, United States",1.0,United States,US,1507.0,NYC,new-york-city,34.0,New York,NY,new-york,app-academy,10525
2,15862,Online,,,,,,,1.0,Online,Online,online,app-academy,10525
0,16013,Online,,,,,,,1.0,Online,Online,online,springboard,11035
0,15803,"Melbourne, Australia",20.0,Australia,AU,31174.0,Melbourne,melbourne,,,,,le-wagon,10868
1,15904,"Casablanca, Morocco",44.0,Morocco,MA,31119.0,Casablanca,casablanca,,,,,le-wagon,10868
2,15906,"Buenos Aires, Argentina",60.0,Argentina,AR,31171.0,Buenos Aires,buenos-aires,,,,,le-wagon,10868
3,15964,"Brussels, Belgium",46.0,Belgium,BE,31125.0,Brussels,brussels,,,,,le-wagon,10868
4,16039,"Mexico City, Mexico",29.0,Mexico,MX,31175.0,Mexico City,mexico-city,,,,,le-wagon,10868
5,16049,"Amsterdam, Netherlands",59.0,Netherlands,NL,31168.0,Amsterdam,amsterdam,,,,,le-wagon,10868
6,16106,"Sao Paulo, Brazil",42.0,Brazil,BR,31121.0,Sao Paulo,sao-paulo,,,,,le-wagon,10868
7,16124,"Barcelona, Spain",12.0,Spain,ES,31170.0,Barcelona,barcelona,,,,,le-wagon,10868
8,16145,"Bordeaux, France",38.0,France,FR,31124.0,Bordeaux,bordeaux,,,,,le-wagon,10868
9,16147,"Lille, France",38.0,France,FR,31128.0,Lille,lille,,,,,le-wagon,10868
10,16148,"Lisbon, Portugal",28.0,Portugal,PT,31075.0,Lisbon,lisbon,,,,,le-wagon,10868
11,16149,"Bali, Indonesia",35.0,Indonesia,ID,31169.0,Bali,bali,,,,,le-wagon,10868
12,16150,"Nantes, France",38.0,France,FR,31130.0,Nantes,nantes,,,,,le-wagon,10868
13,16274,"Rio de Janeiro , Brazil",42.0,Brazil,BR,31131.0,Rio de Janeiro ,rio-de-janeiro,,,,,le-wagon,10868
14,16275,"Marseille, France",38.0,France,FR,31129.0,Marseille,marseille,,,,,le-wagon,10868
15,16282,"Montreal, Canada",2.0,Canada,CA,31135.0,Montreal,montreal,,,,,le-wagon,10868
16,16283,"Shanghai, China",15.0,China,CN,31108.0,Shanghai,shanghai,,,,,le-wagon,10868
17,16407,"Tokyo, Japan",48.0,Japan,JP,31132.0,Tokyo,tokyo,,,,,le-wagon,10868
18,16408,"Lyon, France",38.0,France,FR,31106.0,Lyon,lyon,,,,,le-wagon,10868
19,16765,"Berlin, Germany",57.0,Germany,DE,31156.0,Berlin,berlin,,,,,le-wagon,10868
20,16767,"Paris, France",38.0,France,FR,31136.0,Paris,paris,,,,,le-wagon,10868
21,16776,"Lausanne, Switzerland",32.0,Switzerland,CH,31163.0,Lausanne,lausanne,,,,,le-wagon,10868
22,16800,"Madrid, Spain",12.0,Spain,ES,31052.0,Madrid,madrid,,,,,le-wagon,10868
23,16805,"Rennes, France",38.0,France,FR,31147.0,Rennes,rennes,,,,,le-wagon,10868
24,16936,"Singapore, Singapore",56.0,Singapore,SG,31154.0,Singapore,singapore,,,,,le-wagon,10868
25,16967,"London, England",61.0,England,GB,31176.0,London,london,,,,,le-wagon,10868
26,17314,"Dubai, United Arab Emirates",34.0,United Arab Emirates,AE,31093.0,Dubai,dubai,,,,,le-wagon,10868
27,17395,"Munich, Germany",57.0,Germany,DE,31158.0,Munich,munich,,,,,le-wagon,10868
28,17476,"Santiago, Chile",22.0,Chile,CL,31067.0,Santiago,santiago,,,,,le-wagon,10868
29,17765,"Nice, France",38.0,France,FR,31239.0,Nice,nice,,,,,le-wagon,10868
30,17772,"Cologne, Germany",57.0,Germany,DE,31254.0,Cologne,cologne,,,,,le-wagon,10868
31,18077,"Mauritius, Mauritius",171.0,Mauritius,MU,31246.0,Mauritius,mauritius,,,,,le-wagon,10868
32,18117,Online,,,,,,,1.0,Online,Online,online,le-wagon,10868
33,18128,"Zurich, Switzerland",32.0,Switzerland,CH,31082.0,Zurich,zurich,,,,,le-wagon,10868
34,18194,"Porto, Portugal",28.0,Portugal,PT,31102.0,Porto,porto,,,,,le-wagon,10868
35,18195,"Cape Town, South Africa",17.0,South Africa,ZA,31100.0,Cape Town,cape-town,,,,,le-wagon,10868
36,18295,"Toulouse, France",38.0,France,FR,31191.0,Toulouse,toulouse,,,,,le-wagon,10868
37,18321,"Sydney, Australia",20.0,Australia,AU,31110.0,Sydney,sydney,,,,,le-wagon,10868
0,15807,Online,,,,,,,1.0,Online,Online,online,udacity,11118
0,16914,Online,,,,,,,1.0,Online,Online,online,shecodes,11014
1,16915,"Lisbon, Portugal",28.0,Portugal,PT,31075.0,Lisbon,lisbon,,,,,shecodes,11014
2,16916,"Porto, Portugal",28.0,Portugal,PT,31102.0,Porto,porto,,,,,shecodes,11014
0,15709,Online,,,,,,,1.0,Online,Online,online,nucamp,10923
1,16463,"Seattle, WA, United States",1.0,United States,US,97.0,Seattle,seattle,49.0,Washington,WA,washington,nucamp,10923
2,16730,"Tacoma, WA, United States",1.0,United States,US,1196.0,Tacoma,tacoma,49.0,Washington,WA,washington,nucamp,10923
3,16731,"Marysville, WA, United States",1.0,United States,US,30455.0,Marysville,marysville,49.0,Washington,WA,washington,nucamp,10923
4,16732,"Spokane, WA, United States",1.0,United States,US,1195.0,Spokane,spokane,49.0,Washington,WA,washington,nucamp,10923
5,16733,"Bellingham, WA, United States",1.0,United States,US,1183.0,Bellingham,bellingham,49.0,Washington,WA,washington,nucamp,10923
6,16821,"Albuquerque, NM, United States",1.0,United States,US,63.0,Albuquerque,albuquerque,33.0,New Mexico,NM,new-mexico,nucamp,10923
7,16822,"Athens, GA, United States",1.0,United States,US,822.0,Athens,athens,12.0,Georgia,GA,georgia,nucamp,10923
8,16823,"Atlanta, GA, United States",1.0,United States,US,36.0,Atlanta,atlanta,12.0,Georgia,GA,georgia,nucamp,10923
9,16824,"Aurora, IL, United States",1.0,United States,US,1600.0,Aurora,aurora,15.0,Illinois,IL,illinois,nucamp,10923
10,16825,"Austin, TX, United States",1.0,United States,US,84.0,Austin,austin,45.0,Texas,TX,texas,nucamp,10923
11,16826,"Baltimore, MD, United States",1.0,United States,US,48.0,Baltimore,baltimore,22.0,Maryland,MD,maryland,nucamp,10923
12,16827,"Baton Rouge, LA, United States",1.0,United States,US,46.0,Baton Rouge,baton-rouge,20.0,Louisiana,LA,louisiana,nucamp,10923
13,16828,"Bellevue, WA, United States",1.0,United States,US,1193.0,Bellevue,bellevue,49.0,Washington,WA,washington,nucamp,10923
14,16829,"Berkeley, CA, United States",1.0,United States,US,1834.0,Berkeley,berkeley,6.0,California,CA,california,nucamp,10923
15,16830,"Billings, MT, United States",1.0,United States,US,992.0,Billings,billings,28.0,Montana,MT,montana,nucamp,10923
16,16831,"Boulder, CO, United States",1.0,United States,US,755.0,Boulder,boulder,7.0,Colorado,CO,colorado,nucamp,10923
17,16832,"Buffalo, NY, United States",1.0,United States,US,69.0,Buffalo,buffalo,34.0,New York,NY,new-york,nucamp,10923
18,16833,"Cambridge, MA, United States",1.0,United States,US,922.0,Cambridge,cambridge,23.0,Massachusetts,MA,massachusetts,nucamp,10923
19,16834,"Charleston, SC, United States",1.0,United States,US,1106.0,Charleston,charleston,42.0,South Carolina,SC,south-carolina,nucamp,10923
20,16835,"Charlotte, NC, United States",1.0,United States,US,56.0,Charlotte,charlotte,35.0,North Carolina,NC,north-carolina,nucamp,10923
21,16836,"Chattanooga, TN, United States",1.0,United States,US,1121.0,Chattanooga,chattanooga,44.0,Tennessee,TN,tennessee,nucamp,10923
22,16837,"Chicago, IL, United States",1.0,United States,US,39.0,Chicago,chicago,15.0,Illinois,IL,illinois,nucamp,10923
23,16838,"Cincinnati, OH, United States",1.0,United States,US,72.0,Cincinnati,cincinnati,37.0,Ohio,OH,ohio,nucamp,10923
24,16839,"Cleveland, OH, United States",1.0,United States,US,71.0,Cleveland,cleveland,37.0,Ohio,OH,ohio,nucamp,10923
25,16840,"Colorado Springs, CO, United States",1.0,United States,US,28.0,Colorado Springs,colorado-springs,7.0,Colorado,CO,colorado,nucamp,10923
26,16841,"Columbia, SC, United States",1.0,United States,US,1109.0,Columbia,columbia,42.0,South Carolina,SC,south-carolina,nucamp,10923
27,16842,"Columbus, OH, United States",1.0,United States,US,70.0,Columbus,columbus,37.0,Ohio,OH,ohio,nucamp,10923
28,16843,"Dallas, TX, United States",1.0,United States,US,83.0,Dallas,dallas,45.0,Texas,TX,texas,nucamp,10923
29,16844,"Denver, CO, United States",1.0,United States,US,27.0,Denver,denver,7.0,Colorado,CO,colorado,nucamp,10923
30,16845,"Detroit, MI, United States",1.0,United States,US,49.0,Detroit,detroit,24.0,Michigan,MI,michigan,nucamp,10923
31,16846,"Fairfield, CT, United States",1.0,United States,US,1575.0,Fairfield,fairfield,8.0,Connecticut,CT,connecticut,nucamp,10923
32,16847,"Fargo, ND, United States",1.0,United States,US,1058.0,Fargo,fargo,36.0,North Dakota,ND,north-dakota,nucamp,10923
33,16848,"Fayetteville, AR, United States",1.0,United States,US,705.0,Fayetteville,fayetteville,5.0,Arkansas,AR,arkansas,nucamp,10923
34,16849,"Fort Collins, CO, United States",1.0,United States,US,757.0,Fort Collins,fort-collins,7.0,Colorado,CO,colorado,nucamp,10923
35,16850,"Fort Lauderdale, FL, United States",1.0,United States,US,786.0,Fort Lauderdale,fort-lauderdale,11.0,Florida,FL,florida,nucamp,10923
36,16851,"Fresno, CA, United States",1.0,United States,US,14.0,Fresno,fresno,6.0,California,CA,california,nucamp,10923
37,16852,"Gainesville, FL, United States",1.0,United States,US,789.0,Gainesville,gainesville,11.0,Florida,FL,florida,nucamp,10923
38,16853,"Greensboro, NC, United States",1.0,United States,US,58.0,Greensboro,greensboro,35.0,North Carolina,NC,north-carolina,nucamp,10923
39,16854,"Greenville, SC, United States",1.0,United States,US,1111.0,Greenville,greenville,42.0,South Carolina,SC,south-carolina,nucamp,10923
40,16855,"Honolulu, HI, United States",1.0,United States,US,37.0,Honolulu,honolulu,13.0,Hawaii,HI,hawaii,nucamp,10923
41,16856,"Houston, TX, United States",1.0,United States,US,81.0,Houston,houston,45.0,Texas,TX,texas,nucamp,10923
42,16857,"Indianapolis, IN, United States",1.0,United States,US,40.0,Indianapolis,indianapolis,16.0,Indiana,IN,indiana,nucamp,10923
43,16858,"Irvine, CA, United States",1.0,United States,US,24.0,Irvine,irvine,6.0,California,CA,california,nucamp,10923
44,16859,"Jersey City, NJ, United States",1.0,United States,US,62.0,Jersey City,jersey-city,32.0,New Jersey,NJ,new-jersey,nucamp,10923
45,16860,"Kansas City, MO, United States",1.0,United States,US,52.0,Kansas City,kansas-city,27.0,Missouri,MO,missouri,nucamp,10923
46,16861,"Knoxville, TN, United States",1.0,United States,US,1128.0,Knoxville,knoxville,44.0,Tennessee,TN,tennessee,nucamp,10923
47,16862,"Las Cruces, NM, United States",1.0,United States,US,1017.0,Las Cruces,las-cruces,33.0,New Mexico,NM,new-mexico,nucamp,10923
48,16863,"Las Vegas, NV, United States",1.0,United States,US,64.0,Las Vegas,las-vegas,30.0,Nevada,NV,nevada,nucamp,10923
49,16864,"Lawrence, KS, United States",1.0,United States,US,888.0,Lawrence,lawrence,18.0,Kansas,KS,kansas,nucamp,10923
50,16865,"Lexington, KY, United States",1.0,United States,US,44.0,Lexington,lexington,19.0,Kentucky,KY,kentucky,nucamp,10923
51,16866,"Little Rock, AR, United States",1.0,United States,US,711.0,Little Rock,little-rock,5.0,Arkansas,AR,arkansas,nucamp,10923
52,16867,"Los Angeles, CA, United States",1.0,United States,US,10.0,Los Angeles,los-angeles,6.0,California,CA,california,nucamp,10923
53,16868,"Louisville, KY, United States",1.0,United States,US,43.0,Louisville,louisville,19.0,Kentucky,KY,kentucky,nucamp,10923
54,16869,"Macon, GA, United States",1.0,United States,US,834.0,Macon,macon,12.0,Georgia,GA,georgia,nucamp,10923
55,16870,"Madison, SD, United States",1.0,United States,US,4046.0,Madison,madison,43.0,South Dakota,SD,south-dakota,nucamp,10923
56,16871,"Memphis, TN, United States",1.0,United States,US,79.0,Memphis,memphis,44.0,Tennessee,TN,tennessee,nucamp,10923
57,16872,"Miami, FL, United States",1.0,United States,US,31.0,Miami,miami,11.0,Florida,FL,florida,nucamp,10923
58,16873,"Milwaukee, WI, United States",1.0,United States,US,98.0,Milwaukee,milwaukee,51.0,Wisconsin,WI,wisconsin,nucamp,10923
59,16874,"Minneapolis, MN, United States",1.0,United States,US,50.0,Minneapolis,minneapolis,25.0,Minnesota,MN,minnesota,nucamp,10923
60,16875,"Murfreesboro, TN, United States",1.0,United States,US,1131.0,Murfreesboro,murfreesboro,44.0,Tennessee,TN,tennessee,nucamp,10923
61,16876,"Nashville, TN, United States",1.0,United States,US,80.0,Nashville,nashville,44.0,Tennessee,TN,tennessee,nucamp,10923
62,16877,"New Orleans, LA, United States",1.0,United States,US,45.0,New Orleans,new-orleans,20.0,Louisiana,LA,louisiana,nucamp,10923
63,16878,"New York City, NY, United States",1.0,United States,US,1507.0,NYC,new-york-city,34.0,New York,NY,new-york,nucamp,10923
64,16879,"Newark, NJ, United States",1.0,United States,US,61.0,Newark,newark,32.0,New Jersey,NJ,new-jersey,nucamp,10923
65,16880,"Omaha, NE, United States",1.0,United States,US,54.0,Omaha,omaha,29.0,Nebraska,NE,nebraska,nucamp,10923
66,16881,"Orlando, FL, United States",1.0,United States,US,33.0,Orlando,orlando,11.0,Florida,FL,florida,nucamp,10923
67,16882,"Palm Beach, FL, United States",1.0,United States,US,1358.0,Palm Beach,palm-beach,11.0,Florida,FL,florida,nucamp,10923
68,16883,"Philadelphia, PA, United States",1.0,United States,US,77.0,Philadelphia,philadelphia,40.0,Pennsylvania,PA,pennsylvania,nucamp,10923
69,16884,"Phoenix, AZ, United States",1.0,United States,US,3.0,Phoenix,phoenix,4.0,Arizona,AZ,arizona,nucamp,10923
70,16885,"Pittsburgh, PA, United States",1.0,United States,US,78.0,Pittsburgh,pittsburgh,40.0,Pennsylvania,PA,pennsylvania,nucamp,10923
71,16886,"Portland, OR, United States",1.0,United States,US,76.0,Portland,portland,39.0,Oregon,OR,oregon,nucamp,10923
72,16887,"Providence, RI, United States",1.0,United States,US,1102.0,Providence,providence,41.0,Rhode Island,RI,rhode-island,nucamp,10923
73,16888,"Raleigh-Durham, NC, United States",1.0,United States,US,31041.0,Raleigh-Durham,raleigh-durham,35.0,North Carolina,NC,north-carolina,nucamp,10923
74,16889,"Richmond, VA, United States",1.0,United States,US,1179.0,Richmond,richmond,48.0,Virginia,VA,virginia,nucamp,10923
75,16890,"Riverside, CA, United States",1.0,United States,US,21.0,Riverside,riverside,6.0,California,CA,california,nucamp,10923
76,16891,"Rochester, NY, United States",1.0,United States,US,1035.0,Rochester,rochester,34.0,New York,NY,new-york,nucamp,10923
77,16892,"Sacramento, CA, United States",1.0,United States,US,15.0,Sacramento,sacramento,6.0,California,CA,california,nucamp,10923
78,16893,"Salt Lake City, UT, United States",1.0,United States,US,1168.0,Salt Lake City,salt-lake-city,46.0,Utah,UT,utah,nucamp,10923
79,16894,"San Antonio, TX, United States",1.0,United States,US,82.0,San Antonio,san-antonio,45.0,Texas,TX,texas,nucamp,10923
80,16895,"San Diego, CA, United States",1.0,United States,US,11.0,San Diego,san-diego,6.0,California,CA,california,nucamp,10923
81,16896,"San Francisco, CA, United States",1.0,United States,US,13.0,San Francisco,san-francisco,6.0,California,CA,california,nucamp,10923
82,16897,"San Jose, CA, United States",1.0,United States,US,12.0,San Jose,san-jose,6.0,California,CA,california,nucamp,10923
83,16898,"St. Louis, MO, United States",1.0,United States,US,53.0,St. Louis,st-louis,27.0,Missouri,MO,missouri,nucamp,10923
84,16899,"St. Petersburg, FL, United States",1.0,United States,US,34.0,St. Petersburg,st-petersburg,11.0,Florida,FL,florida,nucamp,10923
85,16900,"Stockholm, Sweden",37.0,Sweden,SE,31109.0,Stockholm,stockholm,,,,,nucamp,10923
86,16901,"Tampa, FL, United States",1.0,United States,US,32.0,Tampa,tampa,11.0,Florida,FL,florida,nucamp,10923
87,16902,"Toledo, OH, United States",1.0,United States,US,73.0,Toledo,toledo,37.0,Ohio,OH,ohio,nucamp,10923
88,16903,"Tulsa, OK, United States",1.0,United States,US,75.0,Tulsa,tulsa,38.0,Oklahoma,OK,oklahoma,nucamp,10923
89,16904,"Tuscaloosa, AL, United States",1.0,United States,US,697.0,Tuscaloosa,tuscaloosa,2.0,Alabama,AL,alabama,nucamp,10923
90,16905,"Washington, DC, United States",1.0,United States,US,775.0,Washington D.C.,washington-dc,10.0,District of Columbia,DC,district-of-columbia,nucamp,10923
91,16906,"Wilmington, DE, United States",1.0,United States,US,774.0,Wilmington,wilmington,9.0,Delaware,DE,delaware,nucamp,10923
92,16907,"Wales, United Kingdom",11.0,United Kingdom,GB,31092.0,Wales,wales,,,,,nucamp,10923
0,16383,Online,,,,,,,1.0,Online,Online,online,thinkful,11098
0,16479,"Singapore, Singapore",56.0,Singapore,SG,31154.0,Singapore,singapore,,,,,hackwagon-academy,10792
0,15831,"Bucharest, Romania",4.0,Romania,RO,31040.0,Bucharest,bucharest,,,,,software-development-academy,11030
1,16451,"Bydgoszcz, Poland",3.0,Poland,PL,31059.0,Bydgoszcz,bydgoszcz,,,,,software-development-academy,11030
2,16452,"Katowice, Poland",3.0,Poland,PL,31065.0,Katowice,katowice,,,,,software-development-academy,11030
3,16453,"Krakow, Poland",3.0,Poland,PL,31077.0,Krakow,krakow,,,,,software-development-academy,11030
4,16454,"Lublin, Poland",3.0,Poland,PL,31073.0,Lublin,lublin,,,,,software-development-academy,11030
5,16455,"Łódź, Poland",3.0,Poland,PL,31083.0,Łódź,lodz,,,,,software-development-academy,11030
6,16456,"Poznań, Poland",3.0,Poland,PL,31039.0,Poznań,poznan,,,,,software-development-academy,11030
7,16457,"Szczecin, Poland",3.0,Poland,PL,31045.0,Szczecin,szczecin,,,,,software-development-academy,11030
8,16458,"Toruń, Poland",3.0,Poland,PL,31047.0,Toruń,torun,,,,,software-development-academy,11030
9,16459,"Trójmiasto, Poland",3.0,Poland,PL,31055.0,Trójmiasto,trojmiasto,,,,,software-development-academy,11030
10,16460,"Warsaw, Poland",3.0,Poland,PL,31061.0,Warsaw,warsaw,,,,,software-development-academy,11030
11,16461,"Wrocław, Poland",3.0,Poland,PL,31086.0,Wrocław,wroclaw,,,,,software-development-academy,11030
12,17278,"Częstochowa, Poland",3.0,Poland,PL,31200.0,Częstochowa,częstochowa,,,,,software-development-academy,11030
13,17279,"Gliwice, Poland",3.0,Poland,PL,31203.0,Gliwice,gliwice,,,,,software-development-academy,11030
14,17280,"Opole, Poland",3.0,Poland,PL,31204.0,Opole,opole,,,,,software-development-academy,11030
15,17281,"Rzeszów, Poland",3.0,Poland,PL,31205.0,Rzeszów,rzeszów,,,,,software-development-academy,11030
16,17282,"Warszawa, Poland",3.0,Poland,PL,31206.0,Warszawa,warszawa,,,,,software-development-academy,11030
17,17283,"Zielona Góra, Poland",3.0,Poland,PL,31207.0,Zielona Góra,zielona-góra,,,,,software-development-academy,11030
18,17284,Online,,,,,,,1.0,Online,Online,online,software-development-academy,11030
19,17285,"Timișoara, Romania",4.0,Romania,RO,31208.0,Timișoara,timișoara,,,,,software-development-academy,11030
20,17286,"Iași, Romania",4.0,Romania,RO,31210.0,Iași,iași,,,,,software-development-academy,11030
21,17287,"Tartu, Estonia",118.0,Estonia,EE,31217.0,Tartu,tartu,,,,,software-development-academy,11030
22,17288,"Helsinki, Finland",14.0,Finland,FI,31220.0,Helsinki,helsinki,,,,,software-development-academy,11030
23,17289,"Cluj-Napoca, Romania",4.0,Romania,RO,31209.0,Cluj-Napoca,cluj-napoca,,,,,software-development-academy,11030
24,17290,"Constanța, Romania",4.0,Romania,RO,31211.0,Constanța,constanța,,,,,software-development-academy,11030
25,17291,"Oradea, Romania",4.0,Romania,RO,31212.0,Oradea,oradea,,,,,software-development-academy,11030
26,17292,"Arad, Romania",4.0,Romania,RO,31213.0,Arad,arad,,,,,software-development-academy,11030
27,17293,"Craiova, Romania",4.0,Romania,RO,31214.0,Craiova,craiova,,,,,software-development-academy,11030
28,17294,"Galați, Romania",4.0,Romania,RO,31215.0,Galați,galați,,,,,software-development-academy,11030
29,17295,"Białystok, Poland",3.0,Poland,PL,31199.0,Białystok,białystok,,,,,software-development-academy,11030
30,17296,"Gdynia, Poland",3.0,Poland,PL,31202.0,Gdynia,gdynia,,,,,software-development-academy,11030
31,17297,"Gdańsk, Poland",3.0,Poland,PL,31201.0,Gdańsk,gdańsk,,,,,software-development-academy,11030
32,17298,"Riga, Latvia",155.0,Latvia,LV,31219.0,Riga,riga,,,,,software-development-academy,11030
33,17299,"Kaunas, Lithuania",53.0,Lithuania,LT,31218.0,Kaunas,kaunas,,,,,software-development-academy,11030
34,17300,"Vilnius, Lithuania",53.0,Lithuania,LT,31149.0,Vilnius,vilnius,,,,,software-development-academy,11030
35,17301,"Tallinn, Estonia",118.0,Estonia,EE,31216.0,Tallinn,tallinn,,,,,software-development-academy,11030
36,17302,"Copenhagen, Denmark",47.0,Denmark,DK,31127.0,Copenhagen,copenhagen,,,,,software-development-academy,11030
37,17757,"Tirana, Albania",64.0,Albania,AL,31253.0,Tirana,tirana,,,,,software-development-academy,11030
38,17758,"Stare Mesto, Czech Republic",31.0,Czech Republic,CZ,31251.0,Staré Město,stare-mesto,,,,,software-development-academy,11030
39,17889,"Manila, Phillippines",36.0,Philippines,PH,31103.0,Manila,manila,,,,,software-development-academy,11030
40,17890,"Bratislava, Slovakia",50.0,Slovakia,SK,31142.0,Bratislava,bratislava,,,,,software-development-academy,11030
41,17899,"Korca, Albania",64.0,Albania,AL,31273.0,Korca,korca,,,,,software-development-academy,11030
42,17900,"Prague, Czech Republic",31.0,Czech Republic,CZ,31081.0,Prague,prague,,,,,software-development-academy,11030
0,15712,"Seattle, WA",1.0,United States,US,1193.0,Bellevue,bellevue,49.0,Washington,WA,washington,coding-dojo,10659
1,15812,"Los Angeles, CA",1.0,United States,US,10.0,Los Angeles,los-angeles,6.0,California,CA,california,coding-dojo,10659
2,15813,"San Jose, CA",1.0,United States,US,12.0,San Jose,san-jose,6.0,California,CA,california,coding-dojo,10659
3,16385,"Berkeley, CA",1.0,United States,US,17.0,Oakland,oakland,6.0,California,CA,california,coding-dojo,10659
4,16464,"Tulsa, OK",1.0,United States,US,75.0,Tulsa,tulsa,38.0,Oklahoma,OK,oklahoma,coding-dojo,10659
5,16594,Online,,,,,,,1.0,Online,Online,online,coding-dojo,10659
6,16919,"Orange County, CA",1.0,United States,US,4093.0,Orange County,orange-county,6.0,California,CA,california,coding-dojo,10659
7,16955,"Arlington, VA",1.0,United States,US,1326.0,Arlington,arlington,48.0,Virginia,VA,virginia,coding-dojo,10659
0,16973,"London, England",61.0,England,GB,31176.0,London,london,,,,,makers-academy,10874
1,17353,Online,,,,,,,1.0,Online,Online,online,makers-academy,10874
2,17354,"Bristol, United Kingdom",11.0,United Kingdom,GB,31085.0,Bristol,bristol,,,,,makers-academy,10874
3,17355,"Manchester, United Kingdom",11.0,United Kingdom,GB,31184.0,Manchester,manchester,,,,,makers-academy,10874
4,17356,"Cambridge, United Kingdom",11.0,United Kingdom,GB,31227.0,Cambridge,cambridge,,,,,makers-academy,10874
0,17720,Online,,,,,,,1.0,Online,Online,online,product-gym,10959
0,15703,"Chicago, IL, United States",1.0,United States,US,39.0,Chicago,chicago,15.0,Illinois,IL,illinois,actualize,10505
1,16019,Online,,,,,,,1.0,Online,Online,online,actualize,10505
0,18115,Online,,,,,,,1.0,Online,Online,online,edureka,11739
0,17361,"Sunnyvale, CA, United States",1.0,United States,US,739.0,Sunnyvale,sunnyvale,6.0,California,CA,california,careerist,11280
1,17362,Online,,,,,,,1.0,Online,Online,online,careerist,11280
0,17099,Online,,,,,,,1.0,Online,Online,online,simplilearn,11016
0,15946,"New York City, NY, United States",1.0,United States,US,1507.0,NYC,new-york-city,34.0,New York,NY,new-york,nyc-data-science-academy,10925
1,16153,Online,,,,,,,1.0,Online,Online,online,nyc-data-science-academy,10925
0,15729,"Portland, OR, United States",1.0,United States,US,76.0,Portland,portland,39.0,Oregon,OR,oregon,the-tech-academy,11091
1,16404,Online,,,,,,,1.0,Online,Online,online,the-tech-academy,11091
0,18107,Online,,,,,,,1.0,Online,Online,online,acte,11735
1,18108,"Chennai, India",19.0,India,IN,31262.0,Chennai,chennai,,,,,acte,11735
0,15863,"Paris, France",38.0,France,FR,31136.0,Paris,paris,,,,,la-capsule,10853
1,17050,"Lyon, France",38.0,France,FR,31106.0,Lyon,lyon,,,,,la-capsule,10853
2,17450,"Marseille, France",38.0,France,FR,31129.0,Marseille,marseille,,,,,la-capsule,10853
3,18098,"Bruxelles, Belgium",46.0,Belgium,BE,31241.0,Bruxelles,bruxelles,,,,,la-capsule,10853
4,18136,"Nice, France",38.0,France,FR,31239.0,Nice,nice,,,,,la-capsule,10853
5,18137,"Monaco, France",38.0,France,FR,31289.0,Monaco,monaco,,,,,la-capsule,10853
6,18269,Online,,,,,,,1.0,Online,Online,online,la-capsule,10853
7,18270,"Lille, France",38.0,France,FR,31128.0,Lille,lille,,,,,la-capsule,10853
8,18271,"Bordeaux, France",38.0,France,FR,31124.0,Bordeaux,bordeaux,,,,,la-capsule,10853
0,15935,"New York City, NY",1.0,United States,US,1507.0,NYC,new-york-city,34.0,New York,NY,new-york,brainstation,10571
1,15985,"Toronto, Canada",2.0,Canada,CA,31152.0,Toronto,toronto,66.0,Ontario,ON,,brainstation,10571
2,16010,"Vancouver, Canada",2.0,Canada,CA,31138.0,Vancouver,vancouver,71.0,British Columbia,BC,,brainstation,10571
3,16909,"Boston, MA",1.0,United States,US,47.0,Boston,boston,23.0,Massachusetts,MA,massachusetts,brainstation,10571
4,16910,"Chicago, IL",1.0,United States,US,39.0,Chicago,chicago,15.0,Illinois,IL,illinois,brainstation,10571
5,16940,Online,,,,,,,1.0,Online,Online,online,brainstation,10571
6,17706,"Miami, FL",1.0,United States,US,31.0,Miami,miami,11.0,Florida,FL,florida,brainstation,10571
7,17731,"London, UK",11.0,United Kingdom,GB,31176.0,London,london,,,,,brainstation,10571
0,15707,"San Francisco, CA, United States",1.0,United States,US,13.0,San Francisco,san-francisco,6.0,California,CA,california,hack-reactor,10788
1,15888,"Boulder, CO, United States",1.0,United States,US,755.0,Boulder,boulder,7.0,Colorado,CO,colorado,hack-reactor,10788
2,15890,"Phoenix, AZ, United States",1.0,United States,US,3.0,Phoenix,phoenix,4.0,Arizona,AZ,arizona,hack-reactor,10788
3,16382,Online,,,,,,,1.0,Online,Online,online,hack-reactor,10788
0,16002,"Los Angeles, CA, United States",1.0,United States,US,10.0,Los Angeles,los-angeles,6.0,California,CA,california,codesmith,10643
1,16328,"New York City, NY, United States",1.0,United States,US,1507.0,NYC,new-york-city,34.0,New York,NY,new-york,codesmith,10643
2,16595,Online,,,,,,,1.0,Online,Online,online,codesmith,10643
3,17438,Temporarily Online,1.0,United States,US,31234.0,Temporarily Online,temp-online,,,,,codesmith,10643
0,16378,Online,,,,,,,1.0,Online,Online,online,dataquest,10683
