,name,keyword,description,school,school_id
0,Available Online,available_online,<p>School offers fully online courses</p>,ironhack,10828
1,Verified Outcomes,verified_outcomes,<p>School publishes a third-party verified outcomes report</p>,ironhack,10828
2,Flexible Classes,flexible_classes,<p>School offers part-time and evening classes</p>,ironhack,10828
0,Available Online,available_online,<p>School offers fully online courses</p>,app-academy,10525
1,Flexible Classes,flexible_classes,<p>School offers part-time and evening classes</p>,app-academy,10525
2,Job Guarantee,job_guarantee,<p>School guarantees job placement</p>,app-academy,10525
0,Available Online,available_online,<p>School offers fully online courses</p>,springboard,11035
1,Flexible Classes,flexible_classes,<p>School offers part-time and evening classes</p>,springboard,11035
2,Job Guarantee,job_guarantee,<p>School guarantees job placement</p>,springboard,11035
0,Available Online,available_online,<p>School offers fully online courses</p>,le-wagon,10868
1,Flexible Classes,flexible_classes,<p>School offers part-time and evening classes</p>,le-wagon,10868
0,Available Online,available_online,<p>School offers fully online courses</p>,udacity,11118
1,Flexible Classes,flexible_classes,<p>School offers part-time and evening classes</p>,udacity,11118
0,Available Online,available_online,<p>School offers fully online courses</p>,shecodes,11014
1,Flexible Classes,flexible_classes,<p>School offers part-time and evening classes</p>,shecodes,11014
0,Available Online,available_online,<p>School offers fully online courses</p>,nucamp,10923
1,Flexible Classes,flexible_classes,<p>School offers part-time and evening classes</p>,nucamp,10923
0,Available Online,available_online,<p>School offers fully online courses</p>,thinkful,11098
1,Verified Outcomes,verified_outcomes,<p>School publishes a third-party verified outcomes report</p>,thinkful,11098
2,Flexible Classes,flexible_classes,<p>School offers part-time and evening classes</p>,thinkful,11098
3,Job Guarantee,job_guarantee,<p>School guarantees job placement</p>,thinkful,11098
0,Available Online,available_online,<p>School offers fully online courses</p>,software-development-academy,11030
0,Available Online,available_online,<p>School offers fully online courses</p>,coding-dojo,10659
1,Verified Outcomes,verified_outcomes,<p>School publishes a third-party verified outcomes report</p>,coding-dojo,10659
2,Flexible Classes,flexible_classes,<p>School offers part-time and evening classes</p>,coding-dojo,10659
3,Accepts GI Bill,accepts_gi_bill,<p>School accepts the GI Bill</p>,coding-dojo,10659
0,Available Online,available_online,<p>School offers fully online courses</p>,makers-academy,10874
1,Flexible Classes,flexible_classes,<p>School offers part-time and evening classes</p>,makers-academy,10874
0,Available Online,available_online,<p>School offers fully online courses</p>,product-gym,10959
1,Flexible Classes,flexible_classes,<p>School offers part-time and evening classes</p>,product-gym,10959
0,Available Online,available_online,<p>School offers fully online courses</p>,actualize,10505
1,Flexible Classes,flexible_classes,<p>School offers part-time and evening classes</p>,actualize,10505
0,Available Online,available_online,<p>School offers fully online courses</p>,edureka,11739
1,Flexible Classes,flexible_classes,<p>School offers part-time and evening classes</p>,edureka,11739
0,Available Online,available_online,<p>School offers fully online courses</p>,simplilearn,11016
1,Flexible Classes,flexible_classes,<p>School offers part-time and evening classes</p>,simplilearn,11016
0,Available Online,available_online,<p>School offers fully online courses</p>,nyc-data-science-academy,10925
1,Flexible Classes,flexible_classes,<p>School offers part-time and evening classes</p>,nyc-data-science-academy,10925
0,Available Online,available_online,<p>School offers fully online courses</p>,the-tech-academy,11091
1,Verified Outcomes,verified_outcomes,<p>School publishes a third-party verified outcomes report</p>,the-tech-academy,11091
2,Flexible Classes,flexible_classes,<p>School offers part-time and evening classes</p>,the-tech-academy,11091
0,Available Online,available_online,<p>School offers fully online courses</p>,acte,11735
1,Flexible Classes,flexible_classes,<p>School offers part-time and evening classes</p>,acte,11735
0,Available Online,available_online,<p>School offers fully online courses</p>,la-capsule,10853
1,Flexible Classes,flexible_classes,<p>School offers part-time and evening classes</p>,la-capsule,10853
0,Available Online,available_online,<p>School offers fully online courses</p>,brainstation,10571
1,Flexible Classes,flexible_classes,<p>School offers part-time and evening classes</p>,brainstation,10571
2,Accepts GI Bill,accepts_gi_bill,<p>School accepts the GI Bill</p>,brainstation,10571
0,Available Online,available_online,<p>School offers fully online courses</p>,hack-reactor,10788
1,Verified Outcomes,verified_outcomes,<p>School publishes a third-party verified outcomes report</p>,hack-reactor,10788
2,Flexible Classes,flexible_classes,<p>School offers part-time and evening classes</p>,hack-reactor,10788
3,VET TEC Provider,vet_tec_provider,<p>School is a VET TEC Provider</p>,hack-reactor,10788
0,Available Online,available_online,<p>School offers fully online courses</p>,codesmith,10643
1,Verified Outcomes,verified_outcomes,<p>School publishes a third-party verified outcomes report</p>,codesmith,10643
2,Flexible Classes,flexible_classes,<p>School offers part-time and evening classes</p>,codesmith,10643
0,Available Online,available_online,<p>School offers fully online courses</p>,dataquest,10683
1,Flexible Classes,flexible_classes,<p>School offers part-time and evening classes</p>,dataquest,10683
